kpi,cohens_d,abs_d
OFFENSIVE_TOUCHES_IN_PITCH_POSITION_FINAL_THIRD,1.2502778476099485,1.2502778476099485
BYPASSED_DEFENDERS_BY_ACTION_HEADER,-0.754642742098,0.754642742098
NEUTRAL_PASSES_AT_PHASE_SECOND_BALL,0.6491753010000988,0.6491753010000988
OPP_PXT_SHOT,0.6449924810133408,0.6449924810133408
BALL_LOSS_ADDED_OPPONENTS_BY_ACTION_CLEARANCE,-0.6241472608403679,0.6241472608403679
BALL_WIN_ADDED_TEAMMATES_DEFENDERS_BY_ACTION_INTERCEPTION,-0.6035536482364,0.6035536482364
BYPASSED_OPPONENTS_RECEIVING_FROM_PACKING_ZONE_DM,-0.5785883998965519,0.5785883998965519
BALL_WIN_ADDED_TEAMMATES_DEFENDERS_FROM_OPPONENT_PACKING_ZONE_CB,-0.5651763797912223,0.5651763797912223
PXT_DRIBBLE_FAIL,-0.5650370497635719,0.5650370497635719
SUCCESSFUL_PASSES_AT_PHASE_ATTACKING_TRANSITION,0.5352750279115189,0.5352750279115189
BYPASSED_OPPONENTS_NUMBER_TO_PITCH_POSITION_FIRST_THIRD,0.5347718589761062,0.5347718589761062
BALL_LOSS_ADDED_OPPONENTS_BY_ACTION_SHORT_AERIAL_PASS,-0.5340279603332578,0.5340279603332578
SUCCESSFUL_PASSES_BY_ACTION_DIAGONAL_PASS,0.5300247491817115,0.5300247491817115
PXT_SHOT,-0.5279145940768581,0.5279145940768581
PXT_DRIBBLE_REG,-0.5220997936608052,0.5220997936608052
SUCCESSFUL_PASSES_BY_FOOT_RIGHT,0.5147209790637736,0.5147209790637736
OPP_PXT_PASS,-0.509343320599159,0.509343320599159
BYPASSED_OPPONENTS_NUMBER_BY_ACTION_LOW_PASS,0.5069744771994503,0.5069744771994503
BYPASSED_OPPONENTS_BY_ACTION_LOW_PASS,0.496095069071595,0.496095069071595
BYPASSED_OPPONENTS_TO_PITCH_POSITION_FIRST_THIRD,0.4928881957067145,0.4928881957067145
BALL_WIN_ADDED_TEAMMATES_DEFENDERS_BY_ACTION_HEADER,0.4918735986677216,0.4918735986677216
BALL_LOSS_REMOVED_TEAMMATES_DEFENDERS_BY_ACTION_CHIPPED_PASS,0.48324986192921704,0.48324986192921704
SECOND_BALL_WIN,0.48276227346342565,0.48276227346342565
BYPASSED_OPPONENTS_NUMBER_AT_PHASE_IN_POSSESSION,0.4754575563835371,0.4754575563835371
OPP_PXT_DRIBBLE,0.46489498260157014,0.46489498260157014
BYPASSED_OPPONENTS_AT_PHASE_ATTACKING_TRANSITION,0.4587973006979422,0.4587973006979422
SUCCESSFUL_PASSES_TO_PACKING_ZONE_DM,0.4551913968452907,0.4551913968452907
OPP_PXT_BLOCK,0.44461405307051555,0.44461405307051555
BYPASSED_OPPONENTS_RECEIVING_FROM_PITCH_POSITION_FINAL_THIRD,0.4424296146811249,0.4424296146811249
BYPASSED_OPPONENTS_NUMBER_AT_PHASE_ATTACKING_TRANSITION,0.4357237674633256,0.4357237674633256
UNSUCCESSFUL_PASSES_BY_ACTION_LOW_PASS,0.435383378833286,0.435383378833286
DISTANCE_TO_GOAL_COVERED_DRIBBLE,0.43220657701355886,0.43220657701355886
SUCCESSFUL_PASSES_TO_LANE_RIGHT_HALF_SPACE,0.43067659131485087,0.43067659131485087
BYPASSED_OPPONENTS_NUMBER_FROM_LANE_CENTER,0.42606501896355686,0.42606501896355686
SUCCESSFUL_PASSES_TO_PITCH_POSITION_FIRST_THIRD,0.42478604736871506,0.42478604736871506
SUCCESSFUL_PASSES_BY_ACTION_LOW_PASS,0.4207229558359203,0.4207229558359203
BALL_WIN_NUMBER_FROM_PITCH_POSITION_OPPONENT_BOX,0.4168968506094564,0.4168968506094564
PXT_PASS,0.41599952146911984,0.41599952146911984
BALL_LOSS_REMOVED_TEAMMATES_BY_ACTION_GOAL_KICK,-0.41273940028355305,0.41273940028355305
SUCCESSFUL_PASSES_AT_PHASE_IN_POSSESSION,0.4116961234759361,0.4116961234759361
BYPASSED_OPPONENTS_NUMBER_TO_PACKING_ZONE_DM,0.4100055048025711,0.4100055048025711
BYPASSED_OPPONENTS_NUMBER_TO_PACKING_ZONE_IBWR,0.40912550361427963,0.40912550361427963
PXT_PASS_PRO,0.40904433118259087,0.40904433118259087
BYPASSED_DEFENDERS_TO_LANE_RIGHT_HALF_SPACE,0.4065701418776829,0.4065701418776829
BYPASSED_DEFENDERS_AT_PHASE_SECOND_BALL,-0.4062230346374827,0.4062230346374827
BYPASSED_OPPONENTS_NUMBER_TO_PACKING_ZONE_CB,0.4012915505468071,0.4012915505468071
SUCCESSFUL_PASSES,0.3993208330968216,0.3993208330968216
BYPASSED_OPPONENTS_NUMBER_FROM_PITCH_POSITION_FIRST_THIRD,0.3986908165027125,0.3986908165027125
BALL_LOSS_REMOVED_TEAMMATES_DEFENDERS_TO_PITCH_POSITION_OWN_BOX,0.39193631319250233,0.39193631319250233
BALL_LOSS_ADDED_OPPONENTS_DEFENDERS,0.3870919925422348,0.3870919925422348
OFFENSIVE_TOUCHES,0.3860619916981123,0.3860619916981123
SUCCESSFUL_PASSES_FROM_LANE_CENTER,0.385773379440006,0.385773379440006
PXT_SHOT_AT_PXT_PHASE_ATTACK,-0.38519057283691754,0.38519057283691754
BYPASSED_OPPONENTS_NUMBER,0.3846034178998379,0.3846034178998379
BYPASSED_OPPONENTS_NUMBER_BY_ACTION_DIAGONAL_PASS,0.38183666043493075,0.38183666043493075
BYPASSED_OPPONENTS_TO_PACKING_ZONE_DM,0.3809377831041519,0.3809377831041519
BALL_LOSS_REMOVED_TEAMMATES_DEFENDERS_FROM_PITCH_POSITION_OWN_BOX,0.37420824091443133,0.37420824091443133
EXPECTED_PASSES,0.3720617702180987,0.3720617702180987
OFFENSIVE_TOUCHES_AT_PHASE_ATTACKING_TRANSITION,0.3711924329154754,0.3711924329154754
BALL_LOSS_REMOVED_TEAMMATES_AT_PHASE_SET_PIECE,-0.36982959073913174,0.36982959073913174
BYPASSED_OPPONENTS_BY_ACTION_SHORT_AERIAL_PASS,-0.3676639901587235,0.3676639901587235
BALL_LOSS_REMOVED_TEAMMATES_TO_OPPONENT_PACKING_ZONE_IB,0.36675353147403955,0.36675353147403955
BYPASSED_OPPONENTS_WO_VERIFICATION,0.3661082387682427,0.3661082387682427
BYPASSED_OPPONENTS_NUMBER_FROM_LANE_RIGHT_HALF_SPACE,0.3656456929778708,0.3656456929778708
BYPASSED_OPPONENTS_NUMBER_TO_LANE_RIGHT_HALF_SPACE,0.3648174977677034,0.3648174977677034
BYPASSED_OPPONENTS_AT_PHASE_IN_POSSESSION,0.3631600769555421,0.3631600769555421
SUCCESSFUL_PASSES_FROM_PITCH_POSITION_FIRST_THIRD,0.3578609935841303,0.3578609935841303
BYPASSED_OPPONENTS_RECEIVING_FROM_PITCH_POSITION_MIDDLE_THIRD,-0.3575710984235941,0.3575710984235941
UNSUCCESSFUL_PASSES_FROM_LANE_RIGHT_WING,0.35362482425809627,0.35362482425809627
BYPASSED_OPPONENTS_TO_PACKING_ZONE_CB,0.34931524612983395,0.34931524612983395
BALL_WIN_NUMBER_IN_LANE_RIGHT_HALF_SPACE,0.3471538933753662,0.3471538933753662
OFFENSIVE_TOUCHES_BY_ACTION_AVAILABILITY_IN_THE_BACK,0.3464679807996024,0.3464679807996024
DEF_PXT_PASS,-0.34530828306962763,0.34530828306962763
BALL_LOSS_ADDED_OPPONENTS_FROM_PITCH_POSITION_OPPONENT_BOX,0.3425523882601829,0.3425523882601829
DEF_PXT_OTHER,0.34058037978050276,0.34058037978050276
SUCCESSFUL_PASSES_TO_LANE_LEFT_WING,0.33934207589701054,0.33934207589701054
BALL_WIN_REMOVED_OPPONENTS_FROM_PITCH_POSITION_FINAL_THIRD,-0.33910528169333204,0.33910528169333204
DEFENSIVE_TOUCHES_IN_LANE_RIGHT_HALF_SPACE,0.33799631248561746,0.33799631248561746
OFFENSIVE_TOUCHES_IN_LANE_CENTER,0.33756307426978155,0.33756307426978155
OFFENSIVE_TOUCHES_AT_PHASE_SECOND_BALL,0.3356017362072526,0.3356017362072526
SUCCESSFUL_PASSES_TO_LANE_CENTER,0.33455983819872986,0.33455983819872986
BYPASSED_OPPONENTS_NUMBER_TO_LANE_LEFT_WING,0.3329202307797637,0.3329202307797637
BYPASSED_OPPONENTS_NUMBER_FROM_PITCH_POSITION_OWN_BOX,0.3326262362254473,0.3326262362254473
BYPASSED_OPPONENTS_FROM_PITCH_POSITION_FIRST_THIRD,0.33239460191531384,0.33239460191531384
SUCCESSFUL_PASSES_TO_PITCH_POSITION_MIDDLE_THIRD,0.3308759044947942,0.3308759044947942
BALL_WIN_REMOVED_OPPONENTS_IN_LANE_RIGHT_WING,-0.33010983290808305,0.33010983290808305
BALL_WIN_REMOVED_OPPONENTS_BY_ACTION_INTERCEPTION,-0.3290457759388823,0.3290457759388823
BYPASSED_OPPONENTS_NUMBER_TO_LANE_RIGHT_WING,0.3286625154233592,0.3286625154233592
BALL_LOSS_REMOVED_TEAMMATES_DEFENDERS_AT_PHASE_IN_POSSESSION,0.32582550349209793,0.32582550349209793
BALL_WIN_NUMBER_FROM_OPPONENT_PACKING_ZONE_WR,0.32339193038591907,0.32339193038591907
UNSUCCESSFUL_PASSES_AT_PHASE_SET_PIECE,-0.32329056855919686,0.32329056855919686
OFFENSIVE_TOUCHES_AT_PHASE_IN_POSSESSION,0.32094003123596976,0.32094003123596976
BYPASSED_OPPONENTS_RECEIVING_NUMBER_FROM_LANE_LEFT_HALF_SPACE,0.320836846442378,0.320836846442378
BALL_LOSS_REMOVED_TEAMMATES_DEFENDERS_FROM_LANE_RIGHT_WING,0.32009499378757633,0.32009499378757633
PXT_DRIBBLE_PRO,0.3192619217381711,0.3192619217381711
BYPASSED_OPPONENTS_BY_ACTION_DIAGONAL_PASS,0.3184916491718163,0.3184916491718163
BYPASSED_OPPONENTS_FROM_LANE_CENTER,0.31555326741636486,0.31555326741636486
BALL_LOSS_ADDED_OPPONENTS_FROM_PITCH_POSITION_MIDDLE_THIRD,-0.3150324842705913,0.3150324842705913
BYPASSED_OPPONENTS_NUMBER_FROM_LANE_LEFT_HALF_SPACE,0.314036366796251,0.314036366796251
BYPASSED_OPPONENTS_TO_LANE_RIGHT_WING,0.31338143760223347,0.31338143760223347
OFFENSIVE_TOUCHES_IN_PITCH_POSITION_FIRST_THIRD,0.31131970528019043,0.31131970528019043
SUCCESSFUL_PASSES_BY_ACTION_FREE_KICK,-0.3075162017859506,0.3075162017859506
SUCCESSFUL_PASSES_FROM_PITCH_POSITION_OWN_BOX,0.3073502287361907,0.3073502287361907
BYPASSED_OPPONENTS_RECEIVING_DUETO_VERIFICATION,-0.30573282881843933,0.30573282881843933
BALL_LOSS_ADDED_OPPONENTS_AT_PHASE_SECOND_BALL,0.30515838238031157,0.30515838238031157
BALL_LOSS_REMOVED_TEAMMATES_DEFENDERS_FROM_PITCH_POSITION_MIDDLE_THIRD,-0.3049486301437861,0.3049486301437861
UNSUCCESSFUL_PASSES_AT_PHASE_SECOND_BALL,0.30467820760411884,0.30467820760411884
BYPASSED_DEFENDERS_BY_ACTION_SAVE,-0.3040669022715809,0.3040669022715809
BALL_WIN_REMOVED_OPPONENTS_AT_PHASE_OUT_OF_POSSESSION,0.30252722303729596,0.30252722303729596
CONCEDED_SHOT_XG,-0.30178657637686085,0.30178657637686085
BYPASSED_OPPONENTS_AT_PHASE_SECOND_BALL,-0.3016460661542477,0.3016460661542477
BYPASSED_OPPONENTS,0.29988752102517047,0.29988752102517047
BALL_LOSS_REMOVED_TEAMMATES_DEFENDERS_BY_ACTION_FREE_KICK,-0.29863994008852535,0.29863994008852535
BALL_LOSS_REMOVED_TEAMMATES_TO_PITCH_POSITION_OWN_BOX,0.2967636658183701,0.2967636658183701
BALL_LOSS_REMOVED_TEAMMATES_DEFENDERS,0.29611908370472423,0.29611908370472423
OFFENSIVE_TOUCHES_IN_PITCH_POSITION_OWN_BOX,0.29362641279980695,0.29362641279980695
BALL_WIN_REMOVED_OPPONENTS_IN_PITCH_POSITION_FIRST_THIRD,-0.29326893869904025,0.29326893869904025
BYPASSED_OPPONENTS_NUMBER_TO_LANE_CENTER,0.28794487039794747,0.28794487039794747
BYPASSED_OPPONENTS_TO_PACKING_ZONE_WR,0.2877097875719602,0.2877097875719602
UNSUCCESSFUL_PASSES_BY_ACTION_GOAL_KICK,-0.28731841970648275,0.28731841970648275
BYPASSED_OPPONENTS_TO_LANE_LEFT_WING,0.2868081892848667,0.2868081892848667
NEUTRAL_PASSES_FROM_LANE_LEFT_HALF_SPACE,-0.28321707492881487,0.28321707492881487
NEUTRAL_PASSES_TO_LANE_LEFT_HALF_SPACE,-0.28321707492881487,0.28321707492881487
SUCCESSFUL_PASSES_FROM_LANE_RIGHT_HALF_SPACE,0.27994602165396903,0.27994602165396903
BYPASSED_DEFENDERS_BY_ACTION_GOAL_KICK,0.27691026680965203,0.27691026680965203
BALL_LOSS_ADDED_OPPONENTS_AT_PHASE_SET_PIECE,0.27640920952632325,0.27640920952632325
BALL_LOSS_REMOVED_TEAMMATES_DEFENDERS_TO_PITCH_POSITION_MIDDLE_THIRD,0.2758258281835345,0.2758258281835345
BYPASSED_OPPONENTS_RECEIVING_AT_PHASE_SECOND_BALL,0.27417765172426756,0.27417765172426756
BALL_WIN_ADDED_TEAMMATES_AT_PHASE_SECOND_BALL,0.2739931434535796,0.2739931434535796
SUCCESSFUL_PASSES_TO_PACKING_ZONE_CB,0.27065586551459375,0.27065586551459375
BYPASSED_OPPONENTS_FROM_LANE_RIGHT_HALF_SPACE,0.2704407154819853,0.2704407154819853
BALL_WIN_NUMBER_FROM_OPPONENT_PACKING_ZONE_IBWR,-0.26802684087147666,0.26802684087147666
SUCCESSFUL_PASSES_TO_LANE_LEFT_HALF_SPACE,0.2660938734440066,0.2660938734440066
OFFENSIVE_TOUCHES_IN_LANE_LEFT_WING,0.2650550618826761,0.2650550618826761
BALL_WIN_REMOVED_OPPONENTS_IN_LANE_RIGHT_HALF_SPACE,-0.260871605925802,0.260871605925802
BALL_LOSS_REMOVED_TEAMMATES_FROM_PITCH_POSITION_FINAL_THIRD,0.2586102981021034,0.2586102981021034
BYPASSED_DEFENDERS_AT_PHASE_SET_PIECE,0.25751856083363556,0.25751856083363556
BALL_WIN_REMOVED_OPPONENTS_FROM_OPPONENT_PACKING_ZONE_FBR,-0.25550134725400503,0.25550134725400503
SUCCESSFUL_PASSES_AT_PHASE_SET_PIECE,-0.2553759442327664,0.2553759442327664
BALL_WIN_NUMBER_FROM_OPPONENT_PACKING_ZONE_AM,0.2553699109027793,0.2553699109027793
BYPASSED_OPPONENTS_RECEIVING_AT_PHASE_ATTACKING_TRANSITION,-0.2548065267410637,0.2548065267410637
BALL_LOSS_REMOVED_TEAMMATES_DEFENDERS_FROM_LANE_CENTER,0.25413945234678104,0.25413945234678104
BYPASSED_OPPONENTS_RECEIVING_NUMBER_TO_LANE_CENTER,0.25253683233681196,0.25253683233681196
SUCCESSFUL_PASSES_BY_ACTION_THROW_IN,-0.2521495217287993,0.2521495217287993
BYPASSED_OPPONENTS_NUMBER_FROM_PITCH_POSITION_MIDDLE_THIRD,0.2515109948307348,0.2515109948307348
CONCEDED_PACKING_XG,-0.25018931638348674,0.25018931638348674
BALL_WIN_ADDED_TEAMMATES_FROM_OPPONENT_PACKING_ZONE_IBWL,0.25015294491512624,0.25015294491512624
BYPASSED_OPPONENTS_TO_PACKING_ZONE_WL,0.24978017923590098,0.24978017923590098
BALL_LOSS_REMOVED_TEAMMATES_DEFENDERS_TO_OPPONENT_PACKING_ZONE_IB,0.2488227205576563,0.2488227205576563
BALL_WIN_ADDED_TEAMMATES_BY_ACTION_DUEL,0.2483916299461403,0.2483916299461403
BALL_LOSS_ADDED_OPPONENTS_AT_PHASE_IN_POSSESSION,0.2479278367676096,0.2479278367676096
SUCCESSFUL_PASSES_FROM_PITCH_POSITION_MIDDLE_THIRD,0.24697360453513606,0.24697360453513606
BALL_LOSS_REMOVED_TEAMMATES_DEFENDERS_TO_PITCH_POSITION_FIRST_THIRD,0.24685434991253874,0.24685434991253874
SUCCESSFUL_PASSES_TO_PACKING_ZONE_WR,0.24564661847210661,0.24564661847210661
DEFENSIVE_TOUCHES_IN_LANE_LEFT_HALF_SPACE,0.24440322952266974,0.24440322952266974
BALL_WIN_REMOVED_OPPONENTS_BY_ACTION_CATCH,0.24379665951512292,0.24379665951512292
OFFENSIVE_TOUCHES_IN_PITCH_POSITION_MIDDLE_THIRD,0.2436772934042834,0.2436772934042834
BALL_WIN_NUMBER_IN_LANE_LEFT_HALF_SPACE,0.24301787080864895,0.24301787080864895
BYPASSED_OPPONENTS_RECEIVING_TO_LANE_RIGHT_HALF_SPACE,-0.24156952586054056,0.24156952586054056
BYPASSED_OPPONENTS_RECEIVING_BY_ACTION_HEADER,-0.24108732757736628,0.24108732757736628
DEFENSIVE_TOUCHES_AT_PHASE_SECOND_BALL,0.23896302885371745,0.23896302885371745
BALL_LOSS_REMOVED_TEAMMATES_DEFENDERS_TO_OPPONENT_PACKING_ZONE_WL,0.23807209379750743,0.23807209379750743
SUCCESSFUL_PASSES_BY_ACTION_CLEARANCE,0.23652127173553372,0.23652127173553372
BYPASSED_OPPONENTS_FROM_PITCH_POSITION_OWN_BOX,0.23586866819613814,0.23586866819613814
SUCCESSFUL_PASSES_FROM_LANE_LEFT_HALF_SPACE,0.2352725322358262,0.2352725322358262
OFFENSIVE_TOUCHES_IN_LANE_RIGHT_HALF_SPACE,0.23526944402294978,0.23526944402294978
UNSUCCESSFUL_PASSES_TO_OPPONENT_PACKING_ZONE_WL,-0.2352180460861084,0.2352180460861084
SUCCESSFUL_PASSES_TO_PACKING_ZONE_WL,0.2341937459515142,0.2341937459515142
BALL_WIN_NUMBER_AT_PHASE_SECOND_BALL,0.2339289060094168,0.2339289060094168
BALL_WIN_ADDED_TEAMMATES_FROM_PITCH_POSITION_FINAL_THIRD,-0.2319563948485157,0.2319563948485157
DEF_PXT_DRIBBLE,-0.23158998657169647,0.23158998657169647
BALL_WIN_ADDED_TEAMMATES_DEFENDERS_BY_ACTION_DUEL,0.23000338292318498,0.23000338292318498
NEUTRAL_PASSES_BY_ACTION_HEADER,0.22943263409231027,0.22943263409231027
SUCCESSFUL_PASSES_TO_PACKING_ZONE_IBWL,0.2286129022970539,0.2286129022970539
DEF_PXT_DRIBBLE_AT_PXT_PHASE_DEFEND,-0.22803068252959727,0.22803068252959727
PXT_BLOCK,-0.22772818517471324,0.22772818517471324
BALL_WIN_ADDED_TEAMMATES_FROM_OPPONENT_PACKING_ZONE_AM,0.22743779169717493,0.22743779169717493
OPP_PXT_NO_VIDEO,-0.227065429408982,0.227065429408982
DEF_PXT_FOUL,-0.2265410857120952,0.2265410857120952
OPP_PXT_FOUL,-0.2265410857120952,0.2265410857120952
BALL_LOSS_REMOVED_TEAMMATES_BY_ACTION_DRIBBLE,0.22563740343739258,0.22563740343739258
BYPASSED_DEFENDERS_TO_PITCH_POSITION_FIRST_THIRD,-0.2253752090386681,0.2253752090386681
BYPASSED_OPPONENTS_NUMBER_TO_PITCH_POSITION_OPPONENT_BOX,-0.22507600517040377,0.22507600517040377
PXT_ATTACK,0.22496035553439214,0.22496035553439214
BALL_LOSS_REMOVED_TEAMMATES_FROM_LANE_RIGHT_WING,0.22468123331818504,0.22468123331818504
OFFENSIVE_TOUCHES_IN_LANE_LEFT_HALF_SPACE,0.22273168147636435,0.22273168147636435
BYPASSED_OPPONENTS_RECEIVING_BY_ACTION_HOLD_UP_PLAY,0.222728740065736,0.222728740065736
BYPASSED_OPPONENTS_RECEIVING_TO_LANE_LEFT_WING,0.22262247897508325,0.22262247897508325
SUCCESSFUL_PASSES_BY_ACTION_GOAL_KICK,-0.2220775379279814,0.2220775379279814
PXT_OTHER,0.22188899758601296,0.22188899758601296
DEF_PXT_NOVIDEO,-0.22163173347131598,0.22163173347131598
LOST_GROUND_DUELS_IN_PACKING_ZONE_IB,0.22144979674855314,0.22144979674855314
BYPASSED_OPPONENTS_RECEIVING_FROM_LANE_RIGHT_HALF_SPACE,-0.22012846228921246,0.22012846228921246
OFFENSIVE_TOUCHES_IN_PITCH_POSITION_OPPONENT_BOX,-0.21914717406880688,0.21914717406880688
BYPASSED_OPPONENTS_FROM_LANE_LEFT_HALF_SPACE,0.2186145834796626,0.2186145834796626
DEFENSIVE_TOUCHES_BY_ACTION_HEADER,0.21836563602642667,0.21836563602642667
BYPASSED_OPPONENTS_RAW,0.21835897496388337,0.21835897496388337
BALL_WIN_NUMBER_FROM_OPPONENT_PACKING_ZONE_CM,0.217926331918382,0.217926331918382
PXT_BALL_WIN,-0.2178721261265044,0.2178721261265044
SUCCESSFUL_PASSES_TO_PACKING_ZONE_FBL,0.21785586662922768,0.21785586662922768
BYPASSED_OPPONENTS_RECEIVING_AT_PHASE_IN_POSSESSION,0.2178051755187709,0.2178051755187709
BALL_LOSS_REMOVED_TEAMMATES_TO_OPPONENT_PACKING_ZONE_CB,-0.21402964045979678,0.21402964045979678
BALL_WIN_REMOVED_OPPONENTS_FROM_OPPONENT_PACKING_ZONE_IBWR,0.2137395297621001,0.2137395297621001
BYPASSED_OPPONENTS_RECEIVING_NUMBER_FROM_LANE_RIGHT_WING,-0.2105850682954975,0.2105850682954975
BALL_WIN_ADDED_TEAMMATES_DEFENDERS_FROM_OPPONENT_PACKING_ZONE_DM,0.21045985419100016,0.21045985419100016
BYPASSED_OPPONENTS_NUMBER_TO_PACKING_ZONE_WR,0.2098928424188946,0.2098928424188946
BYPASSED_OPPONENTS_BY_ACTION_HEADER,-0.2098268065429752,0.2098268065429752
BYPASSED_OPPONENTS_RECEIVING_NUMBER_FROM_PITCH_POSITION_FINAL_THIRD,-0.20980373457786045,0.20980373457786045
BYPASSED_OPPONENTS_TO_PACKING_ZONE_FBL,0.2097585366821759,0.2097585366821759
BALL_WIN_NUMBER_FROM_OPPONENT_PACKING_ZONE_CB,0.20964585864658747,0.20964585864658747
BALL_WIN_NUMBER_BY_ACTION_HEADER,0.20894268463755714,0.20894268463755714
DEF_PXT_ATTACK,0.20880028519265673,0.20880028519265673
BALL_WIN_ADDED_TEAMMATES_DEFENDERS_AT_PHASE_SECOND_BALL,0.20811214319484067,0.20811214319484067
LOST_GROUND_DUELS_IN_PACKING_ZONE_AM,-0.2057377999494564,0.2057377999494564
BYPASSED_DEFENDERS_BY_ACTION_CLEARANCE,-0.20555980161697113,0.20555980161697113
NEUTRAL_PASSES_TO_LANE_CENTER,-0.20487342252063134,0.20487342252063134
NEUTRAL_PASSES_FROM_LANE_CENTER,-0.20487342252063134,0.20487342252063134
BYPASSED_OPPONENTS_FROM_LANE_RIGHT_WING,-0.20462693135671983,0.20462693135671983
PXT_FOUL,-0.2045017948282046,0.2045017948282046
BALL_LOSS_ADDED_OPPONENTS_BY_ACTION_DIAGONAL_PASS,0.20432990168365292,0.20432990168365292
BALL_WIN_NUMBER_FROM_PITCH_POSITION_MIDDLE_THIRD,0.20290460175343195,0.20290460175343195
BYPASSED_OPPONENTS_TO_LANE_RIGHT_HALF_SPACE,0.20251773133276205,0.20251773133276205
BYPASSED_OPPONENTS_NUMBER_TO_PACKING_ZONE_FBL,0.20248969166062541,0.20248969166062541
BALL_LOSS_ADDED_OPPONENTS_FROM_PITCH_POSITION_FIRST_THIRD,0.20167202721066452,0.20167202721066452
BALL_WIN_REMOVED_OPPONENTS_BY_ACTION_LOOSE_BALL_REGAIN,0.20097612242153787,0.20097612242153787
BYPASSED_DEFENDERS_BY_ACTION_LOW_PASS,0.20007268627486285,0.20007268627486285
BYPASSED_OPPONENTS_RECEIVING_FROM_PACKING_ZONE_FBL,0.19926380070526697,0.19926380070526697
BALL_LOSS_REMOVED_TEAMMATES_DEFENDERS_BY_ACTION_DIAGONAL_PASS,0.19839214077838316,0.19839214077838316
BALL_WIN_REMOVED_OPPONENTS_IN_PITCH_POSITION_MIDDLE_THIRD,-0.1960869470426102,0.1960869470426102
BYPASSED_OPPONENTS_NUMBER_AT_PHASE_SET_PIECE,-0.19583341950965702,0.19583341950965702
UNSUCCESSFUL_PASSES_TO_OPPONENT_PACKING_ZONE_CM,-0.19498475862336945,0.19498475862336945
NEUTRAL_PASSES_AT_PHASE_ATTACKING_TRANSITION,0.1948276038623351,0.1948276038623351
NEUTRAL_PASSES_AT_PHASE_SET_PIECE,-0.1929893264014422,0.1929893264014422
BYPASSED_OPPONENTS_RECEIVING_FROM_LANE_LEFT_HALF_SPACE,0.19228322316927066,0.19228322316927066
SUCCESSFUL_PASSES_TO_PITCH_POSITION_OPPONENT_BOX,-0.19106968001349908,0.19106968001349908
BALL_WIN_REMOVED_OPPONENTS_AT_PHASE_SET_PIECE,0.1905041563928796,0.1905041563928796
OFFENSIVE_TOUCHES_AT_PHASE_SET_PIECE,-0.18961015006178897,0.18961015006178897
BYPASSED_OPPONENTS_RECEIVING_NUMBER_TO_PITCH_POSITION_OPPONENT_BOX,-0.1894570524441488,0.1894570524441488
BYPASSED_OPPONENTS_RECEIVING_NUMBER_AT_PHASE_IN_POSSESSION,-0.18872161388187372,0.18872161388187372
BYPASSED_OPPONENTS_NUMBER_AT_PHASE_SECOND_BALL,-0.18783847707906223,0.18783847707906223
BALL_LOSS_REMOVED_TEAMMATES_FROM_LANE_LEFT_HALF_SPACE,-0.18748952684779285,0.18748952684779285
BYPASSED_OPPONENTS_NUMBER_TO_PACKING_ZONE_WL,0.1873686757528331,0.1873686757528331
SUCCESSFUL_PASSES_BY_ACTION_SHORT_AERIAL_PASS,0.18656018005819572,0.18656018005819572
BALL_WIN_REMOVED_OPPONENTS_IN_LANE_CENTER,0.1862318660944362,0.1862318660944362
BYPASSED_OPPONENTS_RECEIVING_NUMBER_AT_PHASE_SET_PIECE,-0.18565426736485002,0.18565426736485002
NEUTRAL_PASSES_TO_PITCH_POSITION_OWN_BOX,-0.18564490937787007,0.18564490937787007
NEUTRAL_PASSES_FROM_PITCH_POSITION_OWN_BOX,-0.18564490937787007,0.18564490937787007
SUCCESSFUL_PASSES_BY_FOOT_LEFT,0.18557680105548696,0.18557680105548696
UNSUCCESSFUL_PASSES_TO_OPPONENT_PACKING_ZONE_WR,0.18384768034529214,0.18384768034529214
DEF_PXT_ACTIVE,0.1832845763925434,0.1832845763925434
SUCCESSFUL_PASSES_TO_PACKING_ZONE_CM,0.18301325021953607,0.18301325021953607
BYPASSED_OPPONENTS_NUMBER_BY_ACTION_CLEARANCE,0.1827008631984661,0.1827008631984661
BYPASSED_OPPONENTS_TO_PITCH_POSITION_OPPONENT_BOX,-0.1825612224184727,0.1825612224184727
BYPASSED_OPPONENTS_FROM_PITCH_POSITION_FINAL_THIRD,0.18233646401963555,0.18233646401963555
BALL_WIN_NUMBER_BY_ACTION_CATCH,0.1821395322499944,0.1821395322499944
DEFENSIVE_TOUCHES_IN_PITCH_POSITION_FINAL_THIRD,-0.18159522872166528,0.18159522872166528
BYPASSED_OPPONENTS_NUMBER_BY_ACTION_FREE_KICK,-0.18071411083286826,0.18071411083286826
BYPASSED_DEFENDERS_TO_LANE_LEFT_WING,-0.18004798739238304,0.18004798739238304
BYPASSED_OPPONENTS_RECEIVING_NUMBER_BY_ACTION_HEADER,-0.1798692335461247,0.1798692335461247
BALL_WIN_NUMBER_FROM_PITCH_POSITION_FINAL_THIRD,0.17864214032201206,0.17864214032201206
BALL_WIN_REMOVED_OPPONENTS,0.17706248253266021,0.17706248253266021
OFFENSIVE_TOUCHES_IN_LANE_RIGHT_WING,0.1764062878462223,0.1764062878462223
BALL_WIN_ADDED_TEAMMATES_BY_ACTION_HEADER,0.17620428598791063,0.17620428598791063
BALL_LOSS_REMOVED_TEAMMATES_TO_OPPONENT_PACKING_ZONE_CM,-0.17612265686213624,0.17612265686213624
SHOT_AT_GOAL_NUMBER_BY_ACTION_HEADER,-0.1759328876372486,0.1759328876372486
BALL_WIN_REMOVED_OPPONENTS_FROM_OPPONENT_PACKING_ZONE_IB,0.17521443921431315,0.17521443921431315
BALL_LOSS_ADDED_OPPONENTS_AT_PHASE_ATTACKING_TRANSITION,0.17458247349062428,0.17458247349062428
BYPASSED_OPPONENTS_NUMBER_TO_PACKING_ZONE_IBWL,0.17357285577941559,0.17357285577941559
BYPASSED_DEFENDERS_TO_PACKING_ZONE_IB,0.1714451109569327,0.1714451109569327
BYPASSED_OPPONENTS_NUMBER_TO_LANE_LEFT_HALF_SPACE,0.17039146288703416,0.17039146288703416
BYPASSED_OPPONENTS_RECEIVING_FROM_LANE_RIGHT_WING,-0.1696700187420255,0.1696700187420255
BYPASSED_OPPONENTS_RECEIVING_NUMBER_AT_PHASE_ATTACKING_TRANSITION,0.16860321718825255,0.16860321718825255
BYPASSED_OPPONENTS_NUMBER_TO_PITCH_POSITION_MIDDLE_THIRD,0.16801164961845763,0.16801164961845763
BALL_WIN_REMOVED_OPPONENTS_FROM_PITCH_POSITION_MIDDLE_THIRD,-0.1679253440256756,0.1679253440256756
BALL_WIN_NUMBER_AT_PHASE_OUT_OF_POSSESSION,0.16619962100414878,0.16619962100414878
CONCEDED_GOALS,-0.1650315566468632,0.1650315566468632
UNSUCCESSFUL_PASSES_FROM_PITCH_POSITION_FINAL_THIRD,-0.16344150107637886,0.16344150107637886
BALL_LOSS_REMOVED_TEAMMATES_DEFENDERS_AT_PHASE_ATTACKING_TRANSITION,0.16334147229278692,0.16334147229278692
SUCCESSFUL_PASSES_TO_LANE_RIGHT_WING,0.16245740941815334,0.16245740941815334
BYPASSED_OPPONENTS_RECEIVING_NUMBER_FROM_PITCH_POSITION_FIRST_THIRD,-0.16162935652371888,0.16162935652371888
NEUTRAL_PASSES_FROM_LANE_LEFT_WING,-0.15841461157008843,0.15841461157008843
NEUTRAL_PASSES_TO_LANE_LEFT_WING,-0.15841461157008843,0.15841461157008843
BYPASSED_OPPONENTS_TO_LANE_CENTER,0.15829472971480976,0.15829472971480976
BYPASSED_OPPONENTS_RECEIVING_FROM_LANE_CENTER,-0.15511366145156,0.15511366145156
BALL_LOSS_REMOVED_TEAMMATES_TO_OPPONENT_PACKING_ZONE_AM,-0.15492185800577107,0.15492185800577107
PXT_SETPIECE_REG,0.1540826066385858,0.1540826066385858
SUCCESSFUL_PASSES_TO_PACKING_ZONE_IBWR,0.15382095419222722,0.15382095419222722
BALL_WIN_ADDED_TEAMMATES_FROM_OPPONENT_PACKING_ZONE_IBWR,-0.15369341821887259,0.15369341821887259
BALL_WIN_NUMBER_FROM_OPPONENT_PACKING_ZONE_IB,-0.1521033131941505,0.1521033131941505
UNSUCCESSFUL_PASSES_FROM_LANE_LEFT_HALF_SPACE,-0.15208242994138588,0.15208242994138588
BALL_WIN_REMOVED_OPPONENTS_FROM_OPPONENT_PACKING_ZONE_IBWL,-0.15126067464600743,0.15126067464600743
BALL_LOSS_REMOVED_TEAMMATES_TO_OPPONENT_PACKING_ZONE_WL,-0.1510330976863468,0.1510330976863468
BALL_LOSS_REMOVED_TEAMMATES_DEFENDERS_FROM_LANE_RIGHT_HALF_SPACE,0.15065356252698586,0.15065356252698586
UNSUCCESSFUL_PASSES_TO_OPPONENT_PACKING_ZONE_IB,0.15030382300657694,0.15030382300657694
SHOT_XG_FROM_PASSES,0.15023919134516192,0.15023919134516192
BYPASSED_OPPONENTS_NUMBER_FROM_LANE_LEFT_WING,-0.14989252257900254,0.14989252257900254
PXT_PASS_REG,-0.14973974629639644,0.14973974629639644
BALL_LOSS_ADDED_OPPONENTS_BY_ACTION_HEADER,0.1496343329568456,0.1496343329568456
DEFENSIVE_TOUCHES_IN_PITCH_POSITION_MIDDLE_THIRD,0.14825301149380818,0.14825301149380818
NEUTRAL_PASSES_BY_ACTION_FREE_KICK,-0.14759309112434885,0.14759309112434885
BYPASSED_OPPONENTS_TO_PITCH_POSITION_MIDDLE_THIRD,0.14738161996400345,0.14738161996400345
DEFENSIVE_TOUCHES_BY_ACTION_INTERCEPTION,-0.14693559185106778,0.14693559185106778
BYPASSED_OPPONENTS_RECEIVING_NUMBER_TO_LANE_LEFT_HALF_SPACE,0.14681678889577268,0.14681678889577268
BALL_LOSS_REMOVED_TEAMMATES_DEFENDERS_BY_ACTION_HEADER,0.14680666835173373,0.14680666835173373
NEUTRAL_PASSES,-0.14654596507027917,0.14654596507027917
DEFENSIVE_TOUCHES_BY_ACTION_DUEL,-0.14508626053532173,0.14508626053532173
BALL_LOSS_REMOVED_TEAMMATES_FROM_LANE_CENTER,-0.14500355246196409,0.14500355246196409
BALL_WIN_ADDED_TEAMMATES_DEFENDERS_FROM_OPPONENT_PACKING_ZONE_AM,0.14298255210142893,0.14298255210142893
BYPASSED_DEFENDERS_TO_LANE_CENTER,-0.14225321497957796,0.14225321497957796
BALL_LOSS_REMOVED_TEAMMATES_TO_PITCH_POSITION_MIDDLE_THIRD,-0.14218390959243202,0.14218390959243202
UNSUCCESSFUL_PASSES_FROM_PITCH_POSITION_MIDDLE_THIRD,0.14205563184513384,0.14205563184513384
PACKING_XG,-0.1419628155705275,0.1419628155705275
BALL_LOSS_REMOVED_TEAMMATES_FROM_PITCH_POSITION_MIDDLE_THIRD,-0.14121474982311852,0.14121474982311852
ASSISTS_BY_ACTION_CHIPPED_PASS,-0.14096602506310604,0.14096602506310604
BALL_WIN_NUMBER_BY_ACTION_DUEL,-0.13938737805554277,0.13938737805554277
DEFENSIVE_TOUCHES_AT_PHASE_OUT_OF_POSSESSION,0.13921912343506299,0.13921912343506299
BYPASSED_OPPONENTS_MIDFIELD,0.13787659520589138,0.13787659520589138
BALL_LOSS_REMOVED_TEAMMATES_BY_ACTION_FREE_KICK,-0.13748407187813513,0.13748407187813513
UNSUCCESSFUL_PASSES_BY_ACTION_FREE_KICK,-0.137470827599827,0.137470827599827
BALL_LOSS_REMOVED_TEAMMATES_DEFENDERS_FROM_LANE_LEFT_HALF_SPACE,-0.1374681270554022,0.1374681270554022
BALL_LOSS_REMOVED_TEAMMATES_DEFENDERS_TO_OPPONENT_PACKING_ZONE_WR,-0.13642807759380748,0.13642807759380748
BYPASSED_DEFENDERS_AT_PHASE_IN_POSSESSION,0.13642715589525162,0.13642715589525162
BALL_WIN_ADDED_TEAMMATES_DEFENDERS_FROM_OPPONENT_PACKING_ZONE_IBWR,-0.13503517623859151,0.13503517623859151
BALL_WIN_ADDED_TEAMMATES_DEFENDERS_FROM_OPPONENT_PACKING_ZONE_CM,-0.1345541112799668,0.1345541112799668
BALL_LOSS_ADDED_OPPONENTS_DEFENDERS_AT_PHASE_ATTACKING_TRANSITION,0.13443854268701996,0.13443854268701996
UNSUCCESSFUL_PASSES_TO_OPPONENT_PACKING_ZONE_AM,-0.13340791621671205,0.13340791621671205
BALL_WIN_NUMBER_BY_ACTION_INTERCEPTION,-0.13303812532909257,0.13303812532909257
BALL_WIN_ADDED_TEAMMATES_FROM_PITCH_POSITION_MIDDLE_THIRD,0.13266793175206731,0.13266793175206731
BALL_LOSS_REMOVED_TEAMMATES_FROM_PITCH_POSITION_OWN_BOX,-0.13236051583907993,0.13236051583907993
BYPASSED_OPPONENTS_RECEIVING_NUMBER_FROM_PACKING_ZONE_FBL,-0.1320803292677184,0.1320803292677184
BALL_WIN_REMOVED_OPPONENTS_BY_ACTION_HEADER,0.13168848652066611,0.13168848652066611
BYPASSED_OPPONENTS_RECEIVING_TO_LANE_LEFT_HALF_SPACE,-0.13097810774663696,0.13097810774663696
UNSUCCESSFUL_PASSES_FROM_PITCH_POSITION_OWN_BOX,-0.13096344825168527,0.13096344825168527
PXT_DRIBBLE_AT_PXT_PHASE_ATTACK,-0.1309351960334918,0.1309351960334918
BALL_WIN_REMOVED_OPPONENTS_FROM_PITCH_POSITION_FIRST_THIRD,0.13025847542225472,0.13025847542225472
DEFENSIVE_TOUCHES_BY_ACTION_LOOSE_BALL_REGAIN,0.12923911870862675,0.12923911870862675
BALL_WIN_NUMBER_IN_PITCH_POSITION_MIDDLE_THIRD,0.12920850716498944,0.12920850716498944
PXT_DEFEND,-0.1280989591087828,0.1280989591087828
BYPASSED_OPPONENTS_RECEIVING_NUMBER_FROM_LANE_CENTER,-0.12798188884934814,0.12798188884934814
BALL_WIN_ADDED_TEAMMATES_DEFENDERS_BY_ACTION_LOOSE_BALL_REGAIN,0.12736827388903801,0.12736827388903801
BALL_LOSS_REMOVED_TEAMMATES_AT_PHASE_ATTACKING_TRANSITION,0.1269367924845959,0.1269367924845959
SUCCESSFUL_PASSES_TO_PACKING_ZONE_FBR,0.12661840485220535,0.12661840485220535
BYPASSED_OPPONENTS_RECEIVING_NUMBER_FROM_PACKING_ZONE_FBR,-0.1264753326892324,0.1264753326892324
BALL_WIN_REMOVED_OPPONENTS_FROM_OPPONENT_PACKING_ZONE_DM,0.1263884671954563,0.1263884671954563
PXT_PASSIVE,-0.1261168226599342,0.1261168226599342
REVERSE_PLAY_ADDED_OPPONENTS_AT_PHASE_SECOND_BALL,0.12586565317555032,0.12586565317555032
UNSUCCESSFUL_PASSES_TO_OPPONENT_PACKING_ZONE_FBL,0.12575328657874008,0.12575328657874008
BALL_WIN_NUMBER_FROM_OPPONENT_PACKING_ZONE_DM,-0.12520402415695697,0.12520402415695697
NEUTRAL_PASSES_BY_FOOT_LEFT,0.12445612955939295,0.12445612955939295
BALL_LOSS_REMOVED_TEAMMATES_DEFENDERS_AT_PHASE_SECOND_BALL,0.12437079361044037,0.12437079361044037
BALL_WIN_NUMBER_BY_ACTION_LOOSE_BALL_REGAIN,0.12413058854029814,0.12413058854029814
BALL_WIN_NUMBER_FROM_OPPONENT_PACKING_ZONE_FBL,-0.12363801648399482,0.12363801648399482
BALL_WIN_ADDED_TEAMMATES_IN_LANE_RIGHT_HALF_SPACE,0.12294672120363877,0.12294672120363877
PXT_SETPIECE_AT_PXT_PHASE_ATTACK,-0.12279770504830927,0.12279770504830927
BALL_LOSS_REMOVED_TEAMMATES_BY_ACTION_HEADER,-0.12271261636924671,0.12271261636924671
BALL_WIN_NUMBER_IN_LANE_LEFT_WING,0.122478781463969,0.122478781463969
BALL_LOSS_REMOVED_TEAMMATES_TO_OPPONENT_PACKING_ZONE_FBL,0.12207158878944814,0.12207158878944814
BYPASSED_DEFENDERS_RECEIVING,0.12198011295883954,0.12198011295883954
PXT_FOULED_AT_PXT_PHASE_ATTACK,-0.12178896283985352,0.12178896283985352
BALL_WIN_ADDED_TEAMMATES_DEFENDERS_AT_PHASE_DEFENSIVE_TRANSITION,0.12104537038666714,0.12104537038666714
CONCEDED_POSTSHOT_XG,-0.11994263530889795,0.11994263530889795
UNSUCCESSFUL_PASSES_TO_OPPONENT_PACKING_ZONE_FBR,-0.11991275000620974,0.11991275000620974
BALL_LOSS_REMOVED_TEAMMATES_TO_OPPONENT_PACKING_ZONE_FBR,0.11984053162120407,0.11984053162120407
BALL_WIN_ADDED_TEAMMATES_DEFENDERS_FROM_OPPONENT_PACKING_ZONE_IBWL,0.11939199952804697,0.11939199952804697
NEUTRAL_PASSES_BY_ACTION_GOAL_KICK,-0.11908309111992554,0.11908309111992554
NEUTRAL_PASSES_TO_LANE_RIGHT_HALF_SPACE,0.11877546936130559,0.11877546936130559
NEUTRAL_PASSES_FROM_LANE_RIGHT_HALF_SPACE,0.11877546936130559,0.11877546936130559
OPP_PXT_SETPIECE,-0.11861091187115456,0.11861091187115456
BYPASSED_OPPONENTS_NUMBER_BY_ACTION_DRIBBLE,0.1175970074128623,0.1175970074128623
BALL_WIN_REMOVED_OPPONENTS_FROM_OPPONENT_PACKING_ZONE_FBL,-0.11742583461332988,0.11742583461332988
BYPASSED_DEFENDERS_FROM_LANE_RIGHT_HALF_SPACE,0.11675696009183459,0.11675696009183459
BALL_WIN_NUMBER,0.11656501247690713,0.11656501247690713
BALL_LOSS_REMOVED_TEAMMATES_DEFENDERS_BY_ACTION_SAVE,-0.1160897579716081,0.1160897579716081
BYPASSED_OPPONENTS_RECEIVING_NUMBER_AT_PHASE_SECOND_BALL,0.11569892450876165,0.11569892450876165
DEFENSIVE_TOUCHES_IN_LANE_LEFT_WING,0.11512592464953766,0.11512592464953766
BALL_WIN_ADDED_TEAMMATES_DEFENDERS_IN_PITCH_POSITION_MIDDLE_THIRD,0.11487367553821301,0.11487367553821301
BYPASSED_DEFENDERS_FROM_LANE_RIGHT_WING,-0.11475112900978116,0.11475112900978116
DEFENSIVE_TOUCHES_IN_PITCH_POSITION_FIRST_THIRD,0.11468097613243157,0.11468097613243157
BYPASSED_OPPONENTS_NUMBER_TO_PACKING_ZONE_FBR,0.11430448578488002,0.11430448578488002
BYPASSED_DEFENDERS_BY_ACTION_DIAGONAL_PASS,-0.11395759868110142,0.11395759868110142
BALL_LOSS_REMOVED_TEAMMATES_DEFENDERS_TO_OPPONENT_PACKING_ZONE_IBWL,-0.11307322081722311,0.11307322081722311
BYPASSED_DEFENDERS_TO_PACKING_ZONE_WR,0.11270485753579214,0.11270485753579214
BALL_WIN_ADDED_TEAMMATES_BY_ACTION_CATCH,0.11131024550440398,0.11131024550440398
BALL_WIN_ADDED_TEAMMATES_DEFENDERS_FROM_OPPONENT_PACKING_ZONE_WR,-0.10995533722595381,0.10995533722595381
BYPASSED_OPPONENTS_TO_LANE_LEFT_HALF_SPACE,0.1094331314859292,0.1094331314859292
BALL_WIN_NUMBER_IN_PITCH_POSITION_FIRST_THIRD,0.10937220976040735,0.10937220976040735
BALL_LOSS_REMOVED_TEAMMATES_DEFENDERS_TO_OPPONENT_PACKING_ZONE_AM,0.10928831081488419,0.10928831081488419
BALL_WIN_REMOVED_OPPONENTS_FROM_OPPONENT_PACKING_ZONE_AM,-0.10895848518090312,0.10895848518090312
SHOT_XG_BY_ACTION_HEADER,-0.10852320890327945,0.10852320890327945
LOST_AERIAL_DUELS_IN_PACKING_ZONE_IB,-0.10695340092890078,0.10695340092890078
BALL_WIN_ADDED_TEAMMATES_DEFENDERS_IN_LANE_LEFT_HALF_SPACE,0.10633815905313725,0.10633815905313725
UNSUCCESSFUL_PASSES_TO_PITCH_POSITION_OWN_BOX,0.10614924686185628,0.10614924686185628
BYPASSED_OPPONENTS_RECEIVING_NUMBER_TO_LANE_RIGHT_HALF_SPACE,-0.1060592440045885,0.1060592440045885
PXT_SETPIECE_FAIL,0.10590403770079647,0.10590403770079647
BALL_WIN_ADDED_TEAMMATES_DEFENDERS_BY_ACTION_CATCH,0.10584461804407831,0.10584461804407831
SUCCESSFUL_PASSES_TO_PACKING_ZONE_AM,0.10567442678756311,0.10567442678756311
BYPASSED_OPPONENTS_TO_PACKING_ZONE_FBR,0.10551956658152847,0.10551956658152847
BALL_WIN_ADDED_TEAMMATES_FROM_PITCH_POSITION_OPPONENT_BOX,0.10532457307350238,0.10532457307350238
OFFENSIVE_TOUCHES_BY_ACTION_HEADER,-0.10383077195061689,0.10383077195061689
BALL_WIN_ADDED_TEAMMATES_AT_PHASE_OUT_OF_POSSESSION,-0.10382363035729575,0.10382363035729575
BYPASSED_OPPONENTS_TO_PACKING_ZONE_IBWL,0.10371753136224139,0.10371753136224139
BALL_LOSS_REMOVED_TEAMMATES_AT_PHASE_IN_POSSESSION,0.10369092285312481,0.10369092285312481
BYPASSED_DEFENDERS_BY_ACTION_FREE_KICK,0.10306291987768344,0.10306291987768344
DEFENSIVE_TOUCHES_IN_LANE_RIGHT_WING,-0.10268878724202281,0.10268878724202281
BALL_WIN_REMOVED_OPPONENTS_FROM_PITCH_POSITION_OWN_BOX,0.10265249082119524,0.10265249082119524
BALL_WIN_ADDED_TEAMMATES_FROM_OPPONENT_PACKING_ZONE_CB,0.10179893814921254,0.10179893814921254
BALL_WIN_ADDED_TEAMMATES_DEFENDERS_FROM_PITCH_POSITION_FINAL_THIRD,-0.10085050161280128,0.10085050161280128
BYPASSED_OPPONENTS_NUMBER_BY_ACTION_GOAL_KICK,-0.10074868147949405,0.10074868147949405
PXT_NO_VIDEO,-0.10071503453379006,0.10071503453379006
BYPASSED_OPPONENTS_RECEIVING_NUMBER_FROM_LANE_RIGHT_HALF_SPACE,-0.10069070740586973,0.10069070740586973
UNSUCCESSFUL_PASSES_AT_PHASE_ATTACKING_TRANSITION,0.10038124916179891,0.10038124916179891
DEF_PXT_SHOT,-0.10017808534184255,0.10017808534184255
UNSUCCESSFUL_PASSES_TO_PITCH_POSITION_FINAL_THIRD,-0.09950513361187148,0.09950513361187148
OFFENSIVE_TOUCHES_BY_ACTION_LOOSE_BALL_REGAIN,0.09890690091969684,0.09890690091969684
UNSUCCESSFUL_PASSES_TO_LANE_RIGHT_HALF_SPACE,-0.09848400153904305,0.09848400153904305
SUCCESSFUL_PASSES_FROM_LANE_RIGHT_WING,0.09773284109831858,0.09773284109831858
BALL_LOSS_REMOVED_TEAMMATES_BY_ACTION_LOW_PASS,0.09668982073498109,0.09668982073498109
BALL_LOSS_REMOVED_TEAMMATES_BY_ACTION_DIAGONAL_PASS,0.09611793591719575,0.09611793591719575
BYPASSED_OPPONENTS_RECEIVING_FROM_PITCH_POSITION_FIRST_THIRD,-0.09534140482944226,0.09534140482944226
SECOND_BALL_START,-0.09520714432430188,0.09520714432430188
BYPASSED_OPPONENTS_AT_PHASE_SET_PIECE,-0.09473651662279685,0.09473651662279685
BALL_LOSS_REMOVED_TEAMMATES_BY_ACTION_SAVE,-0.09343839481922896,0.09343839481922896
BALL_LOSS_REMOVED_TEAMMATES_DEFENDERS_FROM_PITCH_POSITION_FIRST_THIRD,0.09255758760142092,0.09255758760142092
BALL_WIN_ADDED_TEAMMATES_DEFENDERS_IN_LANE_CENTER,0.09233337163258587,0.09233337163258587
BALL_LOSS_REMOVED_TEAMMATES_DEFENDERS_BY_ACTION_SHORT_AERIAL_PASS,0.09204108495180302,0.09204108495180302
DEF_PXT_BALL_LOSS,0.09192758399559121,0.09192758399559121
OPP_PXT_BALL_LOSS,0.09192758399559121,0.09192758399559121
SUCCESSFUL_PASSES_BY_ACTION_CHIPPED_PASS,0.09120849426137909,0.09120849426137909
BALL_WIN_ADDED_TEAMMATES_IN_LANE_CENTER,0.09107229790080634,0.09107229790080634
BYPASSED_DEFENDERS_BY_ACTION_CHIPPED_PASS,0.09099405347638964,0.09099405347638964
BYPASSED_OPPONENTS_RECEIVING_TO_PITCH_POSITION_OPPONENT_BOX,0.08842403196835587,0.08842403196835587
BALL_WIN_NUMBER_BY_ACTION_SAVE,-0.08811210419287549,0.08811210419287549
BALL_WIN_NUMBER_IN_LANE_RIGHT_WING,-0.08743736189073496,0.08743736189073496
BALL_WIN_ADDED_TEAMMATES_FROM_PITCH_POSITION_FIRST_THIRD,0.08740598876363771,0.08740598876363771
BALL_WIN_ADDED_TEAMMATES_DEFENDERS_IN_LANE_RIGHT_HALF_SPACE,-0.08728916465918558,0.08728916465918558
BYPASSED_OPPONENTS_RECEIVING_NUMBER,0.08697102089321464,0.08697102089321464
BALL_WIN_ADDED_TEAMMATES_DEFENDERS_IN_PITCH_POSITION_FIRST_THIRD,0.08670174213846613,0.08670174213846613
BYPASSED_OPPONENTS_BY_ACTION_SAVE,-0.08668715244913155,0.08668715244913155
BALL_WIN_ADDED_TEAMMATES_FROM_OPPONENT_PACKING_ZONE_CM,0.08652161838139943,0.08652161838139943
PXT_SETPIECE_PRO,-0.08555703437075274,0.08555703437075274
BALL_WIN_ADDED_TEAMMATES_IN_PITCH_POSITION_MIDDLE_THIRD,-0.08514659109360521,0.08514659109360521
NEUTRAL_PASSES_BY_ACTION_SHORT_AERIAL_PASS,-0.08481036584227751,0.08481036584227751
BYPASSED_OPPONENTS_TO_PITCH_POSITION_FINAL_THIRD,0.08478709520992816,0.08478709520992816
UNSUCCESSFUL_PASSES_TO_OPPONENT_PACKING_ZONE_IBWL,-0.08423148603968722,0.08423148603968722
UNSUCCESSFUL_PASSES_TO_OPPONENT_PACKING_ZONE_CB,-0.0823482471964543,0.0823482471964543
UNSUCCESSFUL_PASSES_TO_LANE_LEFT_WING,-0.08211486785294833,0.08211486785294833
DEF_PXT_FOUL_AT_PXT_PHASE_DEFEND,0.0820143025816028,0.0820143025816028
BYPASSED_OPPONENTS_NUMBER_TO_PACKING_ZONE_AM,-0.08153390218895966,0.08153390218895966
CRITICAL_BALL_LOSS_NUMBER,-0.08123595294056028,0.08123595294056028
PXT_SETPIECE,-0.08098974760000031,0.08098974760000031
UNSUCCESSFUL_PASSES_FROM_LANE_CENTER,-0.07966142649369524,0.07966142649369524
BYPASSED_OPPONENTS_BY_ACTION_DRIBBLE,0.07928323120134904,0.07928323120134904
BALL_LOSS_ADDED_OPPONENTS,0.07865055337947363,0.07865055337947363
UNSUCCESSFUL_PASSES,-0.07846196861094258,0.07846196861094258
BALL_WIN_REMOVED_OPPONENTS_FROM_PITCH_POSITION_OPPONENT_BOX,0.07835089693914805,0.07835089693914805
BALL_WIN_ADDED_TEAMMATES_IN_LANE_LEFT_WING,0.07709498087068915,0.07709498087068915
BALL_LOSS_REMOVED_TEAMMATES_DEFENDERS_BY_ACTION_LOW_PASS,0.07653391451165106,0.07653391451165106
DEFENSIVE_TOUCHES,0.07618177976648119,0.07618177976648119
BYPASSED_OPPONENTS_RECEIVING_FROM_PACKING_ZONE_FBR,-0.07589991162111102,0.07589991162111102
BYPASSED_OPPONENTS_FROM_LANE_LEFT_WING,0.07569744879853472,0.07569744879853472
BALL_LOSS_REMOVED_TEAMMATES_DEFENDERS_AT_PHASE_SET_PIECE,-0.07550580499338194,0.07550580499338194
SUCCESSFUL_PASSES_FROM_LANE_LEFT_WING,0.07503489590339324,0.07503489590339324
REVERSE_PLAY_NUMBER_AT_PHASE_SECOND_BALL,0.07469503954393629,0.07469503954393629
BALL_WIN_NUMBER_IN_LANE_CENTER,0.07453148849587299,0.07453148849587299
BYPASSED_OPPONENTS_DEFENDERS_RAW,-0.07395146781270308,0.07395146781270308
BALL_WIN_ADDED_TEAMMATES_AT_PHASE_DEFENSIVE_TRANSITION,0.07375034556310861,0.07375034556310861
UNSUCCESSFUL_PASSES_TO_PITCH_POSITION_MIDDLE_THIRD,-0.07268501792354519,0.07268501792354519
BALL_WIN_ADDED_TEAMMATES_FROM_PITCH_POSITION_OWN_BOX,0.0716051556878233,0.0716051556878233
UNSUCCESSFUL_PASSES_TO_PITCH_POSITION_FIRST_THIRD,0.07151449119928358,0.07151449119928358
UNSUCCESSFUL_PASSES_TO_OPPONENT_PACKING_ZONE_GK,-0.07122936876676977,0.07122936876676977
BALL_WIN_NUMBER_FROM_OPPONENT_PACKING_ZONE_FBR,-0.0705114309484481,0.0705114309484481
BYPASSED_OPPONENTS_BY_ACTION_CHIPPED_PASS,0.06966122941207115,0.06966122941207115
BYPASSED_OPPONENTS_TO_PACKING_ZONE_CM,0.06933881448243838,0.06933881448243838
BYPASSED_OPPONENTS_NUMBER_TO_PACKING_ZONE_IB,-0.06875397810378754,0.06875397810378754
BALL_WIN_NUMBER_FROM_PITCH_POSITION_OWN_BOX,-0.06826795112020663,0.06826795112020663
DEFENSIVE_TOUCHES_AT_PHASE_SET_PIECE,-0.06683156357817309,0.06683156357817309
BALL_WIN_ADDED_TEAMMATES_FROM_OPPONENT_PACKING_ZONE_FBR,-0.06619198109200734,0.06619198109200734
BYPASSED_DEFENDERS_BY_ACTION_DRIBBLE,-0.06612940846790587,0.06612940846790587
BALL_WIN_ADDED_TEAMMATES_DEFENDERS_IN_LANE_RIGHT_WING,0.06510383120492268,0.06510383120492268
BALL_WIN_ADDED_TEAMMATES_FROM_OPPONENT_PACKING_ZONE_IB,-0.0624776235336267,0.0624776235336267
BALL_WIN_ADDED_TEAMMATES_DEFENDERS_AT_PHASE_OUT_OF_POSSESSION,-0.06172212846822635,0.06172212846822635
BYPASSED_OPPONENTS_TO_PACKING_ZONE_IB,0.061184197487997416,0.061184197487997416
NEUTRAL_PASSES_BY_ACTION_CLEARANCE,-0.059644359548760434,0.059644359548760434
BYPASSED_DEFENDERS_BY_ACTION_SECOND_BALL,0.05946054955867714,0.05946054955867714
NEUTRAL_PASSES_TO_PITCH_POSITION_FIRST_THIRD,-0.05836772806300836,0.05836772806300836
NEUTRAL_PASSES_FROM_PITCH_POSITION_FIRST_THIRD,-0.05836772806300836,0.05836772806300836
BALL_WIN_NUMBER_AT_PHASE_SET_PIECE,-0.05792794449577259,0.05792794449577259
UNSUCCESSFUL_PASSES_TO_LANE_RIGHT_WING,0.05750219178641734,0.05750219178641734
BALL_WIN_ADDED_TEAMMATES,0.05693522444093852,0.05693522444093852
BALL_WIN_ADDED_TEAMMATES_DEFENDERS_FROM_OPPONENT_PACKING_ZONE_IB,-0.05635250391022438,0.05635250391022438
BYPASSED_OPPONENTS_RECEIVING_NUMBER_FROM_LANE_LEFT_WING,-0.056003023905235434,0.056003023905235434
BYPASSED_OPPONENTS_BY_ACTION_SECOND_BALL,-0.054178994334099985,0.054178994334099985
BALL_WIN_ADDED_TEAMMATES_FROM_OPPONENT_PACKING_ZONE_WR,0.05408393007535063,0.05408393007535063
SUCCESSFUL_PASSES_TO_PITCH_POSITION_FINAL_THIRD,0.05399137679272624,0.05399137679272624
PXT_PASS_FAIL,0.05312324750034336,0.05312324750034336
BYPASSED_OPPONENTS_RECEIVING_TO_PITCH_POSITION_FIRST_THIRD,-0.051402455112867895,0.051402455112867895
BYPASSED_OPPONENTS_RECEIVING_TO_LANE_CENTER,0.05127788950271187,0.05127788950271187
UNSUCCESSFUL_PASSES_AT_PHASE_IN_POSSESSION,0.05086554327983263,0.05086554327983263
BYPASSED_DEFENDERS_WO_VERIFICATION,0.050856825024427406,0.050856825024427406
BALL_LOSS_REMOVED_TEAMMATES_BY_ACTION_SHORT_AERIAL_PASS,-0.05021965398637883,0.05021965398637883
BALL_LOSS_REMOVED_TEAMMATES_TO_OPPONENT_PACKING_ZONE_WR,-0.05019752940028101,0.05019752940028101
BALL_WIN_NUMBER_FROM_PITCH_POSITION_FIRST_THIRD,0.05014301541105752,0.05014301541105752
BYPASSED_OPPONENTS_FROM_PITCH_POSITION_MIDDLE_THIRD,0.05003903167999838,0.05003903167999838
BYPASSED_OPPONENTS_NUMBER_BY_ACTION_SHORT_AERIAL_PASS,-0.04991070907097745,0.04991070907097745
BALL_WIN_ADDED_TEAMMATES_FROM_OPPONENT_PACKING_ZONE_WL,-0.04909903432902253,0.04909903432902253
SUCCESSFUL_PASSES_TO_PACKING_ZONE_IB,-0.047483655873038495,0.047483655873038495
BYPASSED_OPPONENTS_RECEIVING_NUMBER_FROM_PACKING_ZONE_CB,0.04668973518036785,0.04668973518036785
BALL_WIN_ADDED_TEAMMATES_DEFENDERS_AT_PHASE_SET_PIECE,-0.04628585676759468,0.04628585676759468
UNSUCCESSFUL_PASSES_FROM_PITCH_POSITION_FIRST_THIRD,0.045378004051841954,0.045378004051841954
BYPASSED_OPPONENTS_RECEIVING_FROM_LANE_LEFT_WING,0.04495986287374863,0.04495986287374863
BALL_LOSS_REMOVED_TEAMMATES_DEFENDERS_BY_ACTION_CLEARANCE,-0.044343145414484544,0.044343145414484544
BYPASSED_OPPONENTS_BY_ACTION_FREE_KICK,-0.04431642662974744,0.04431642662974744
BALL_WIN_REMOVED_OPPONENTS_FROM_OPPONENT_PACKING_ZONE_CB,-0.04427502556207974,0.04427502556207974
BALL_LOSS_NUMBER,-0.04410806097136299,0.04410806097136299
BALL_WIN_ADDED_TEAMMATES_DEFENDERS_IN_LANE_LEFT_WING,-0.043716848007194116,0.043716848007194116
BALL_LOSS_REMOVED_TEAMMATES_DEFENDERS_TO_PITCH_POSITION_FINAL_THIRD,-0.042977178667683316,0.042977178667683316
SUCCESSFUL_PASSES_AT_PHASE_SECOND_BALL,0.04273726252705863,0.04273726252705863
NEUTRAL_PASSES_BY_ACTION_LOW_PASS,0.04204379248445803,0.04204379248445803
BYPASSED_DEFENDERS_TO_PACKING_ZONE_IBWR,0.041139217532400775,0.041139217532400775
NEUTRAL_PASSES_TO_PITCH_POSITION_MIDDLE_THIRD,0.041059736761596216,0.041059736761596216
NEUTRAL_PASSES_FROM_PITCH_POSITION_MIDDLE_THIRD,0.041059736761596216,0.041059736761596216
BALL_WIN_REMOVED_OPPONENTS_IN_LANE_LEFT_HALF_SPACE,-0.040313758967235436,0.040313758967235436
BALL_LOSS_REMOVED_TEAMMATES_FROM_PITCH_POSITION_FIRST_THIRD,-0.03982225565358313,0.03982225565358313
BALL_WIN_NUMBER_FROM_OPPONENT_PACKING_ZONE_IBWL,0.03973914808938326,0.03973914808938326
BYPASSED_OPPONENTS_NUMBER_TO_PACKING_ZONE_CM,-0.038826472995648724,0.038826472995648724
DEFENSIVE_TOUCHES_IN_LANE_CENTER,0.038755141825815805,0.038755141825815805
BALL_LOSS_REMOVED_TEAMMATES_TO_OPPONENT_PACKING_ZONE_IBWL,0.03849968679522852,0.03849968679522852
UNSUCCESSFUL_PASSES_TO_PITCH_POSITION_OPPONENT_BOX,0.03820709202473774,0.03820709202473774
BALL_WIN_ADDED_TEAMMATES_FROM_OPPONENT_PACKING_ZONE_FBL,-0.03738031743185801,0.03738031743185801
BALL_LOSS_REMOVED_TEAMMATES_TO_PITCH_POSITION_FIRST_THIRD,-0.03724462461164783,0.03724462461164783
BALL_WIN_NUMBER_AT_PHASE_DEFENSIVE_TRANSITION,0.036865985592512036,0.036865985592512036
BALL_LOSS_REMOVED_TEAMMATES_DEFENDERS_TO_OPPONENT_PACKING_ZONE_IBWR,-0.036659377780161595,0.036659377780161595
SUCCESSFUL_PASSES_BY_ACTION_HEADER,0.03654962496313489,0.03654962496313489
UNSUCCESSFUL_PASSES_BY_ACTION_CLEARANCE,-0.03640878967501657,0.03640878967501657
BALL_WIN_REMOVED_OPPONENTS_BY_ACTION_SAVE,-0.03548729960919621,0.03548729960919621
BYPASSED_OPPONENTS_TO_PACKING_ZONE_IBWR,0.03468095273909518,0.03468095273909518
NEUTRAL_PASSES_BY_ACTION_CHIPPED_PASS,0.03440478158156971,0.03440478158156971
BALL_LOSS_REMOVED_TEAMMATES_TO_PITCH_POSITION_FINAL_THIRD,-0.03418256668401157,0.03418256668401157
BALL_WIN_ADDED_TEAMMATES_IN_PITCH_POSITION_FIRST_THIRD,0.033323139408833434,0.033323139408833434
PXT_REC_AT_PXT_PHASE_ATTACK,-0.0328685806748673,0.0328685806748673
BALL_WIN_ADDED_TEAMMATES_IN_LANE_RIGHT_WING,-0.032779033488718336,0.032779033488718336
BYPASSED_OPPONENTS_RECEIVING,-0.03253348132643056,0.03253348132643056
UNSUCCESSFUL_PASSES_TO_OPPONENT_PACKING_ZONE_DM,-0.03247693391945152,0.03247693391945152
BYPASSED_OPPONENTS_BY_ACTION_GOAL_KICK,0.031790192524841665,0.031790192524841665
UNSUCCESSFUL_PASSES_BY_ACTION_DIAGONAL_PASS,0.031430493849351315,0.031430493849351315
BYPASSED_OPPONENTS_NUMBER_BY_ACTION_CHIPPED_PASS,0.031168207721928014,0.031168207721928014
BALL_LOSS_REMOVED_TEAMMATES_FROM_LANE_LEFT_WING,-0.030946151225778193,0.030946151225778193
UNSUCCESSFUL_PASSES_FROM_LANE_RIGHT_HALF_SPACE,0.030937296230653513,0.030937296230653513
BYPASSED_OPPONENTS_RECEIVING_AT_PHASE_SET_PIECE,0.03053707512452219,0.03053707512452219
UNSUCCESSFUL_PASSES_FROM_LANE_LEFT_WING,-0.030248784297376506,0.030248784297376506
NEUTRAL_PASSES_BY_ACTION_DIAGONAL_PASS,-0.02899066938211219,0.02899066938211219
BALL_LOSS_REMOVED_TEAMMATES_DEFENDERS_BY_ACTION_GOAL_KICK,-0.028914340375920757,0.028914340375920757
BALL_LOSS_ADDED_OPPONENTS_BY_ACTION_LOW_PASS,-0.028819063479079556,0.028819063479079556
BYPASSED_DEFENDERS_TO_PACKING_ZONE_WL,-0.02874653507883486,0.02874653507883486
BYPASSED_DEFENDERS_FROM_PITCH_POSITION_OWN_BOX,-0.02873809929154142,0.02873809929154142
BYPASSED_DEFENDERS_TO_PITCH_POSITION_MIDDLE_THIRD,-0.027996589961460316,0.027996589961460316
BYPASSED_OPPONENTS_NUMBER_BY_ACTION_HEADER,-0.027489431033873597,0.027489431033873597
DEF_PXT_SETPIECE,0.027327032306797283,0.027327032306797283
BYPASSED_DEFENDERS_FROM_PITCH_POSITION_FIRST_THIRD,0.0272410573118371,0.0272410573118371
BALL_WIN_ADDED_TEAMMATES_DEFENDERS,0.026822695141946153,0.026822695141946153
UNSUCCESSFUL_PASSES_BY_FOOT_RIGHT,0.026460228521402108,0.026460228521402108
BYPASSED_DEFENDERS_TO_LANE_LEFT_HALF_SPACE,0.02546074832138077,0.02546074832138077
DEF_PXT_DEFEND,-0.024902753066240416,0.024902753066240416
BALL_WIN_ADDED_TEAMMATES_BY_ACTION_LOOSE_BALL_REGAIN,0.02460949349244783,0.02460949349244783
BALL_LOSS_REMOVED_TEAMMATES,-0.024331547796556423,0.024331547796556423
BYPASSED_DEFENDERS_TO_PITCH_POSITION_OPPONENT_BOX,0.024313980566037816,0.024313980566037816
BALL_WIN_ADDED_TEAMMATES_BY_ACTION_INTERCEPTION,-0.024239984968817945,0.024239984968817945
BYPASSED_DEFENDERS_AT_PHASE_ATTACKING_TRANSITION,0.022846826716850337,0.022846826716850337
BYPASSED_DEFENDERS_FROM_LANE_CENTER,0.02263946920180844,0.02263946920180844
BYPASSED_OPPONENTS_RECEIVING_NUMBER_FROM_PITCH_POSITION_OWN_BOX,0.02260188891660726,0.02260188891660726
BYPASSED_OPPONENTS_NUMBER_FROM_LANE_RIGHT_WING,0.02232995548784799,0.02232995548784799
BALL_WIN_NUMBER_FROM_OPPONENT_PACKING_ZONE_WL,0.02049896102948395,0.02049896102948395
UNSUCCESSFUL_PASSES_BY_ACTION_HEADER,0.01953985435179841,0.01953985435179841
PXT_FOULED,-0.01952021527452851,0.01952021527452851
BYPASSED_DEFENDERS_FROM_LANE_LEFT_HALF_SPACE,-0.019376905352597975,0.019376905352597975
BALL_LOSS_ADDED_OPPONENTS_BY_ACTION_CHIPPED_PASS,-0.019326079511998655,0.019326079511998655
BALL_WIN_REMOVED_OPPONENTS_AT_PHASE_SECOND_BALL,-0.019295414579076603,0.019295414579076603
NEUTRAL_PASSES_TO_LANE_RIGHT_WING,0.01913428186283137,0.01913428186283137
NEUTRAL_PASSES_FROM_LANE_RIGHT_WING,0.01913428186283137,0.01913428186283137
DEF_PXT_BALL_WIN,0.01903826735244006,0.01903826735244006
DEFENSIVE_TOUCHES_AT_PHASE_DEFENSIVE_TRANSITION,0.018957995731781786,0.018957995731781786
BALL_WIN_ADDED_TEAMMATES_FROM_OPPONENT_PACKING_ZONE_DM,0.018845047245927418,0.018845047245927418
BYPASSED_OPPONENTS_BY_ACTION_CLEARANCE,-0.018522571008197434,0.018522571008197434
BYPASSED_OPPONENTS_RECEIVING_FROM_PACKING_ZONE_CB,0.017486811837194752,0.017486811837194752
UNSUCCESSFUL_PASSES_BY_ACTION_SHORT_AERIAL_PASS,0.01747028575675506,0.01747028575675506
BALL_LOSS_REMOVED_TEAMMATES_AT_PHASE_SECOND_BALL,0.01736860643621424,0.01736860643621424
BALL_LOSS_REMOVED_TEAMMATES_BY_ACTION_CLEARANCE,-0.016868630487253306,0.016868630487253306
BYPASSED_DEFENDERS_TO_PACKING_ZONE_AM,0.016603792054903258,0.016603792054903258
NEUTRAL_PASSES_BY_FOOT_RIGHT,0.016549736884773816,0.016549736884773816
BALL_WIN_ADDED_TEAMMATES_DEFENDERS_FROM_PITCH_POSITION_OWN_BOX,0.016143362933929463,0.016143362933929463
BALL_WIN_ADDED_TEAMMATES_IN_LANE_LEFT_HALF_SPACE,-0.01614215461170485,0.01614215461170485
NEUTRAL_PASSES_AT_PHASE_IN_POSSESSION,-0.015986220858838964,0.015986220858838964
PXT_DRIBBLE,-0.01593555919689696,0.01593555919689696
BALL_LOSS_REMOVED_TEAMMATES_DEFENDERS_BY_ACTION_DRIBBLE,-0.01563644123174092,0.01563644123174092
UNSUCCESSFUL_PASSES_TO_LANE_LEFT_HALF_SPACE,-0.015571992415690088,0.015571992415690088
BYPASSED_DEFENDERS_TO_PACKING_ZONE_IBWL,0.015543651221307209,0.015543651221307209
DEF_PXT_BALL_LOSS_AT_PXT_PHASE_DEFEND,0.015405966292020873,0.015405966292020873
UNSUCCESSFUL_PASSES_BY_FOOT_LEFT,-0.015203904331507003,0.015203904331507003
BYPASSED_DEFENDERS,0.01474888937078143,0.01474888937078143
BALL_WIN_ADDED_TEAMMATES_DEFENDERS_BY_ACTION_SAVE,0.01457269905312167,0.01457269905312167
BYPASSED_DEFENDERS_FROM_PITCH_POSITION_MIDDLE_THIRD,0.014550259464657624,0.014550259464657624
BYPASSED_OPPONENTS_NUMBER_BY_ACTION_SAVE,0.013542694173661893,0.013542694173661893
BYPASSED_OPPONENTS_TO_PACKING_ZONE_AM,-0.013403341571472587,0.013403341571472587
DEFENSIVE_TOUCHES_IN_PITCH_POSITION_OWN_BOX,0.013279866660953222,0.013279866660953222
BYPASSED_DEFENDERS_TO_PITCH_POSITION_FINAL_THIRD,0.012228602832651054,0.012228602832651054
BALL_LOSS_REMOVED_TEAMMATES_TO_PITCH_POSITION_OPPONENT_BOX,-0.012221750071952196,0.012221750071952196
BYPASSED_DEFENDERS_FROM_LANE_LEFT_WING,0.011820825158736876,0.011820825158736876
BALL_WIN_ADDED_TEAMMATES_DEFENDERS_FROM_PITCH_POSITION_FIRST_THIRD,-0.01154513140187285,0.01154513140187285
BALL_WIN_ADDED_TEAMMATES_DEFENDERS_FROM_PITCH_POSITION_MIDDLE_THIRD,-0.010883797247887366,0.010883797247887366
UNSUCCESSFUL_PASSES_TO_LANE_CENTER,-0.010843011210541294,0.010843011210541294
BALL_LOSS_REMOVED_TEAMMATES_TO_OPPONENT_PACKING_ZONE_IBWR,0.010187416657978763,0.010187416657978763
BALL_WIN_REMOVED_OPPONENTS_FROM_OPPONENT_PACKING_ZONE_WR,-0.009682367944211972,0.009682367944211972
BALL_WIN_ADDED_TEAMMATES_DEFENDERS_FROM_PITCH_POSITION_OPPONENT_BOX,0.009656004677452932,0.009656004677452932
BALL_WIN_REMOVED_OPPONENTS_AT_PHASE_DEFENSIVE_TRANSITION,-0.009439659594404622,0.009439659594404622
OFFENSIVE_TOUCHES_BY_ACTION_HOLD_UP_PLAY,0.009110808257939937,0.009110808257939937
LOST_GROUND_DUELS_AT_PHASE_SECOND_BALL,0.008714374323080367,0.008714374323080367
NEUTRAL_PASSES_TO_PACKING_ZONE_GK,0.00862601275565544,0.00862601275565544
BALL_WIN_REMOVED_OPPONENTS_FROM_OPPONENT_PACKING_ZONE_WL,-0.008095654564535539,0.008095654564535539
BALL_WIN_ADDED_TEAMMATES_DEFENDERS_FROM_OPPONENT_PACKING_ZONE_WL,0.00799691445898036,0.00799691445898036
BALL_LOSS_REMOVED_TEAMMATES_FROM_LANE_RIGHT_HALF_SPACE,0.006544699170386162,0.006544699170386162
UNSUCCESSFUL_PASSES_BY_ACTION_CHIPPED_PASS,-0.006505724391874912,0.006505724391874912
BALL_WIN_ADDED_TEAMMATES_BY_ACTION_SAVE,0.006049912255315946,0.006049912255315946
OPP_PXT_BALL_WIN,0.005650539756208278,0.005650539756208278
BYPASSED_OPPONENTS_RECEIVING_FROM_PITCH_POSITION_OWN_BOX,-0.005132103455665347,0.005132103455665347
BALL_LOSS_REMOVED_TEAMMATES_TO_OPPONENT_PACKING_ZONE_DM,0.0050229988292171904,0.0050229988292171904
PXT_REC,-0.004973083413866738,0.004973083413866738
BYPASSED_OPPONENTS_NUMBER_TO_PITCH_POSITION_FINAL_THIRD,0.003917414816950983,0.003917414816950983
BALL_WIN_ADDED_TEAMMATES_AT_PHASE_SET_PIECE,0.003895392127449015,0.003895392127449015
BYPASSED_DEFENDERS_TO_LANE_RIGHT_WING,0.003212837736211147,0.003212837736211147
BALL_WIN_REMOVED_OPPONENTS_FROM_OPPONENT_PACKING_ZONE_CM,0.0031437084432400886,0.0031437084432400886
BALL_LOSS_REMOVED_TEAMMATES_BY_ACTION_CHIPPED_PASS,0.0016927724390325956,0.0016927724390325956
